Timestamp,What is your Age ?,What is your Weight ? (in kg),What is your Height ? (in cm),Height (in m),What is your gender ?,BMI,(for Females) Have you been pregnant?,(for females )Did you have any major Health problems after pregnancy ?,Any previous health problems ?,Do you exercise regularly ?,What is your profession ?,How much do you travel for your Work ?,How much junk food do you eat ?,What do you think about BMI (Body Mass index) ?,(for females) At what age have you been pregnant for the first time? 
4/18/2023 11:15,18,63,175,1.75,1,20.57,0,0,Sinus,0,Student,,0,2,
4/16/2023 16:57,19,57,163,1.63,0,21.45,0,0,0,0,Student,10km,0,2,
4/14/2023 12:23,19,61,168,1.68,1,21.61,0,0,0,0,Student,250 m,0,2,
4/14/2023 11:55,20,45,162,1.62,0,17.15,0,0,0,0,Student,,0,2,
4/14/2023 17:12,22,83,182,1.82,1,25.06,0,0,0,1,Biology Teacher,None,0,2,
4/14/2023 15:48,23,74,169,1.69,0,25.91,0,0,0,1,Student,none,0,1,
4/14/2023 16:08,23,78,188,1.88,1,22.07,0,0,0,1,Student,Occasionally ,0,2,
4/14/2023 11:45,25,55,154,1.54,0,23.19,0,0,0,0,Housewife,,0,0,
4/14/2023 18:24,44,74,170.18,1.7,1,25.55,0,0,0,1,IT,0,0,2,
4/14/2023 11:54,45,70,160,1.6,0,27.34,1,0,0,0,,,0,1,
4/16/2023 21:02,46,70,155,1.55,0,29.14,0,0,0,0,Teaching ,80km,0,2,30
4/14/2023 22:09,47,87,164,1.64,1,32.35,0,0,0,0,Businessman ,5 km,0,2,
4/14/2023 12:06,49,72,156,1.56,0,29.59,1,0,0,0,,,0,0,
4/16/2023 0:16,49,79,160,1.6,0,30.86,0,0,0,1,"Homemaker, teacher",,0,2,28
4/14/2023 13:33,50,62,175,1.75,0,20.24,1,0,0,1,,,0,1,
4/16/2023 20:57,51,76,161,1.61,0,29.32,1,0,0,0,,,0,1,24
4/14/2023 11:52,54,80,165,1.65,0,29.38,1,0,0,0,Teacher,Less than 1 km,0,0,
